{
  "citation": "@article{DBLP:journals/corr/abs-1708-07747,\n  author    = {Han Xiao and\n               Kashif Rasul and\n               Roland Vollgraf},\n  title     = {Fashion-MNIST: a Novel Image Dataset for Benchmarking Machine Learning\n               Algorithms},\n  journal   = {CoRR},\n  volume    = {abs/1708.07747},\n  year      = {2017},\n  url       = {http://arxiv.org/abs/1708.07747},\n  archivePrefix = {arXiv},\n  eprint    = {1708.07747},\n  timestamp = {Mon, 13 Aug 2018 16:47:27 +0200},\n  biburl    = {https://dblp.org/rec/bib/journals/corr/abs-1708-07747},\n  bibsource = {dblp computer science bibliography, https://dblp.org}\n}",
  "description": "Fashion-MNIST is a dataset of Zalando's article images consisting of a training set of 60,000 examples and a test set of 10,000 examples. Each example is a 28x28 grayscale image, associated with a label from 10 classes.",
  "downloadSize": "30878645",
  "location": {
    "urls": [
      "https://github.com/zalandoresearch/fashion-mnist"
    ]
  },
  "moduleName": "tensorflow_datasets.image_classification.mnist",
  "name": "fashion_mnist",
  "schema": {
    "feature": [
      {
        "name": "image",
        "shape": {
          "dim": [
            {
              "size": "28"
            },
            {
              "size": "28"
            },
            {
              "size": "1"
            }
          ]
        },
        "type": "INT"
      },
      {
        "name": "label",
        "type": "INT"
      }
    ]
  },
  "splits": [
    {
      "name": "train",
      "numBytes": "32717636",
      "shardLengths": [
        "60000"
      ]
    },
    {
      "name": "test",
      "numBytes": "5470824",
      "shardLengths": [
        "10000"
      ]
    }
  ],
  "supervisedKeys": {
    "input": "image",
    "output": "label"
  },
  "version": "3.0.1"
}