{
    "type": "tensorflow_datasets.core.features.features_dict.FeaturesDict",
    "content": {
        "image": {
            "type": "tensorflow_datasets.core.features.image_feature.Image",
            "content": {
                "shape": [
                    28,
                    28,
                    1
                ],
                "dtype": "uint8",
                "encoding_format": null
            }
        },
        "label": {
            "type": "tensorflow_datasets.core.features.class_label_feature.ClassLabel",
            "content": {
                "num_classes": 10
            }
        }
    }
}